{"label":"Harmonic Oscillator (15 dim) high temp","alpha":0.01,"time":50.0,"deltas":[0.0,0.03355704697986577,0.06711409395973154,0.10067114093959731,0.1342281879194631,0.16778523489932887,0.20134228187919462,0.2348993288590604,0.2684563758389262,0.30201342281879195,0.33557046979865773,0.3691275167785235,0.40268456375838924,0.436241610738255,0.4697986577181208,0.5033557046979866,0.5369127516778524,0.5704697986577181,0.6040268456375839,0.6375838926174496,0.6711409395973155,0.7046979865771812,0.738255033557047,0.7718120805369127,0.8053691275167785,0.8389261744966443,0.87248322147651,0.9060402684563759,0.9395973154362416,0.9731543624161074,1.0067114093959733,1.0402684563758389,1.0738255033557047,1.1073825503355705,1.1409395973154361,1.174496644295302,1.2080536912751678,1.2416107382550337,1.2751677852348993,1.308724832214765,1.342281879194631,1.3758389261744965,1.4093959731543624,1.4429530201342282,1.476510067114094,1.5100671140939597,1.5436241610738255,1.5771812080536913,1.610738255033557,1.6442953020134228,1.6778523489932886,1.7114093959731544,1.74496644295302,1.778523489932886,1.8120805369127517,1.8456375838926176,1.8791946308724832,1.912751677852349,1.9463087248322148,1.9798657718120805,2.0134228187919465,2.046979865771812,2.0805369127516777,2.1140939597315436,2.1476510067114094,2.1812080536912752,2.214765100671141,2.248322147651007,2.2818791946308723,2.315436241610738,2.348993288590604,2.38255033557047,2.4161073825503356,2.4496644295302015,2.4832214765100673,2.5167785234899327,2.5503355704697985,2.5838926174496644,2.61744966442953,2.651006711409396,2.684563758389262,2.7181208053691277,2.751677852348993,2.785234899328859,2.8187919463087248,2.8523489932885906,2.8859060402684564,2.9194630872483223,2.953020134228188,2.9865771812080535,3.0201342281879193,3.053691275167785,3.087248322147651,3.120805369127517,3.1543624161073827,3.1879194630872485,3.221476510067114,3.2550335570469797,3.2885906040268456,3.3221476510067114,3.3557046979865772,3.389261744966443,3.422818791946309,3.4563758389261747,3.48993288590604,3.523489932885906,3.557046979865772,3.5906040268456376,3.6241610738255035,3.6577181208053693,3.691275167785235,3.7248322147651005,3.7583892617449663,3.791946308724832,3.825503355704698,3.859060402684564,3.8926174496644297,3.9261744966442955,3.959731543624161,3.9932885906040267,4.026845637583893,4.060402684563758,4.093959731543624,4.12751677852349,4.1610738255033555,4.194630872483222,4.228187919463087,4.261744966442953,4.295302013422819,4.328859060402684,4.3624161073825505,4.395973154362416,4.429530201342282,4.4630872483221475,4.496644295302014,4.530201342281879,4.563758389261745,4.597315436241611,4.630872483221476,4.6644295302013425,4.697986577181208,4.731543624161074,4.76510067114094,4.798657718120805,4.832214765100671,4.865771812080537,4.899328859060403,4.932885906040268,4.966442953020135,5.0],"channel_output_distances":[[0.007699183179860794,0.0004872475312496121,0.007590591031626122],[0.007717514118381331,0.0004952744364207032,0.007609679283721322],[0.007759959822492978,0.00046760410435395873,0.007657675612193766],[0.007835992656759678,0.00046780747597901,0.007732302288026249],[0.00786445591136327,0.0004702499063813925,0.007757215115249587],[0.00794513608346693,0.00046686046614660996,0.007841653750117977],[0.00801203803612334,0.0004653527600742701,0.007905797792721238],[0.008067378630490288,0.0004640401934631713,0.0079556762730112],[0.008243058022224513,0.0004133370662928203,0.008142050390521823],[0.00835891587288749,0.00044545809776877596,0.00825755083400859],[0.008551472987183104,0.0004347058650953931,0.00845145141455374],[0.008814679554142344,0.0004290887646850142,0.008714077870657278],[0.009052317377660445,0.00043063843726772345,0.008957543588823913],[0.009284357436256269,0.00041319940325593797,0.009191166439214395],[0.009548623890700573,0.0004176403976897806,0.009454469617435596],[0.009878987577656595,0.00040910322103531057,0.009785661312533733],[0.010140323317253222,0.0003586785842173157,0.010059695840105704],[0.010519350937417196,0.00036458815589767725,0.010434911843132243],[0.010856135583215916,0.0003629118032588939,0.010775569139568645],[0.011334674536303461,0.00036158409377370936,0.011252209507578336],[0.011740760764634792,0.0003141294893239884,0.011670965039831454],[0.012263615551104229,0.00033653096489661566,0.012191778130102738],[0.012768580849954162,0.00028959712449279514,0.012704986101262297],[0.013240891830575668,0.00028885019027516065,0.013175807938896649],[0.013830913764002768,0.00030769693931928077,0.013764870900806251],[0.014423607040199793,0.00028419477428060137,0.014364198912327196],[0.015008185482232608,0.0002892807797007998,0.014948159498548256],[0.015702672652890208,0.00031028023639658895,0.015643035791408116],[0.016383056584943555,0.0002444913277375769,0.016331831281071633],[0.01708464089632734,0.000256728486540093,0.0170343075242194],[0.017825149136270643,0.0002557398455665435,0.0177770874229165],[0.01858596679188995,0.0002580067643225126,0.0185400052275992],[0.019409435243496972,0.00027751701345503154,0.019364892255270445],[0.02023710173723113,0.00025603771656991346,0.020196458475181547],[0.021147309182226744,0.0002808976951456551,0.021102981232046417],[0.022035951871141386,0.00027996703572017334,0.02199691534996068],[0.022986559418993684,0.000273448554128885,0.022948402980048518],[0.023998344184166145,0.0002719468093577081,0.023961032140720224],[0.024962278255462968,0.0002812287032214512,0.024927266346158546],[0.026015056534265002,0.00029334208733207976,0.025981607883311972],[0.027169779170158705,0.0003160534396321141,0.027138813985425402],[0.0283231332945593,0.00030848261581782426,0.02829098570034631],[0.029435465267782603,0.0003482566133775191,0.0294039492678959],[0.03070600652698638,0.00031064815127669344,0.030678276108200633],[0.03196123320237121,0.0003494638765156449,0.031935257637924035],[0.03327491360943756,0.000381827902662398,0.03324947982655978],[0.03466774506455816,0.00037864892487932263,0.03464168110109497],[0.036067008327872414,0.00043288110480856155,0.0360441788222963],[0.037525237981384255,0.0004527132530287155,0.03750198753826073],[0.03907824099303364,0.0004214291904023232,0.03905677350381125],[0.04062485912862221,0.0004248227198967534,0.04060414128015091],[0.042243357309593756,0.00043998087179107886,0.042223028180591475],[0.04391495514066155,0.000505059073964109,0.043894037068197896],[0.04565122951523995,0.0004651276274554927,0.04563342952928365],[0.047423190555066226,0.0004580387980461065,0.04740462755893743],[0.04928259443933583,0.0005351332612473006,0.0492654798973213],[0.05119418259648721,0.0005533527736921037,0.051177339261943226],[0.053213295070599936,0.0005371007329815323,0.05319799057252059],[0.055168978604940244,0.0005807916334878144,0.055153931193719405],[0.05730727658940575,0.0006145861942103237,0.05729230433743835],[0.05951316543200672,0.0006274764439247474,0.05949950983405864],[0.0617291029244025,0.0005971926907532867,0.06171583385421595],[0.06408666814850059,0.000693268047800627,0.0640742653099591],[0.06653718007541576,0.0007033944813366794,0.06652503259662604],[0.06905784251363377,0.0006753928065444048,0.06904629679401014],[0.07146655049781736,0.0007574662097395917,0.07145592736065969],[0.07415365966940768,0.0007101704531868165,0.07414296773931783],[0.07690712406637337,0.0008187484555237298,0.07689678053520582],[0.07972424056949716,0.00084175625400189,0.07971467504219387],[0.08270486205132654,0.0008047941781499337,0.08269539002428812],[0.08576208278720389,0.0008548866112332914,0.08575336341809282],[0.08881407174246948,0.000852476354928119,0.08880535691648204],[0.09201654070289136,0.0009309311764768007,0.09200811628083154],[0.09531883358910191,0.0009264396750460449,0.09531034702746316],[0.09871927036829087,0.0010150423047764273,0.0987116201136926],[0.10237184341158911,0.0009791276133646405,0.10236432815377991],[0.10593437560785049,0.0010906126427705698,0.10592749661492915],[0.1097347533139164,0.0010095097056159272,0.10972800607832724],[0.11345239584238408,0.0011984239195813372,